<modification xmlns="http://www.simplemachines.org/xml/modification" xmlns:smf="http://www.simplemachines.org/">
	<id>jaybachatero:trim_url</id>
	<version>1.0.2</version>

	<file name="$sourcedir/Subs.php">
		<operation>
			<search position="before"><![CDATA[		// No type means 'parsed_content'.
		if (!isset($tag['type']))
		{
			// !!! Check for end tag first, so people can say "I like that [i] tag"?
			$open_tags[] = $tag;
			$message = substr($message, 0, $pos) . "\n" . $tag['before'] . "\n" . substr($message, $pos1);
			$pos += strlen($tag['before']) - 1 + 2;
		}
]]></search>
			<add><![CDATA[		// Trim the urls
		elseif (($tag['type'] == 'unparsed_content' && $tag['tag'] == 'url'))
		{
			$pos2 = stripos($message, '[/' . substr($message, $pos + 1, strlen($tag['tag'])) . ']', $pos1);
			if ($pos2 === false)
				continue;

			$data = substr($message, $pos1, $pos2 - $pos1);

			if (!empty($tag['block_level']) && substr($data, 0, 6) == '<br />')
				$data = substr($data, 6);

			if (isset($tag['validate']))
				$tag['validate']($tag, $data, $disabled);

			$code = strtr($tag['content'], array('$1' => $data, '$2' => urlTrim($data)));
			$message = substr($message, 0, $pos) . $code . substr($message, $pos2 + 3 + strlen($tag['tag']));
			$pos += strlen($code) - 1;
		}
]]></add>
		</operation>
		<operation>
			<search position="after"><![CDATA[// Creates an image/text button
function create_button($name, $alt, $label = '', $custom = '', $force_use = false)
]]></search>
			<add><![CDATA[
// Shorten url.
function urlTrim($url)
{
	global $modSettings;

	$modSettings['urlLength'] = isset($modSettings['urlLength']) ? $modSettings['urlLength'] : 50;

	// Check the length of the url
	if (strlen($url) > $modSettings['urlLength'])
	{
		$break = $modSettings['urlLength'] / 2;
		$urlNew = substr($url, 0, $break) . '...' . substr($url, -$break);
	}
	else
		$urlNew = $url;

	return $urlNew;
}
]]></add>
		</operation>
		<operation>
			<search position="replace"><![CDATA[			array(
				'tag' => 'url',
				'type' => 'unparsed_content',
				'content' => '<a href="$1" class="bbc_link" target="_blank">$1</a>',
				'validate' => create_function('&$tag, &$data, $disabled', '
					$data = strtr($data, array(\'<br />\' => \'\'));
					if (strpos($data, \'http://\') !== 0 && strpos($data, \'https://\') !== 0)
						$data = \'http://\' . $data;
				'),
			),
]]></search>
			<add><![CDATA[			array(
				'tag' => 'url',
				'type' => 'unparsed_content',
				'content' => '<a href="$1" class="bbc_link" target="_blank">$2</a>',
				'validate' => create_function('&$tag, &$data, $disabled', '
					$data = strtr($data, array(\'<br />\' => \'\'));
					if (strpos($data, \'http://\') !== 0 && strpos($data, \'https://\') !== 0)
						$data = \'http://\' . $data;
				'),
			),
]]></add>
		</operation>
	</file>

	<file name="$sourcedir/Subs-Post.php">
		<operation>
			<search position="before"><![CDATA[		elseif ($hasEqualSign)
			$replaces['[' . $matches[1][$k] . '=' . $matches[2][$k] . ']'] = '[' . $this_tag . '=' . $replace . ']';
]]></search>
			<add><![CDATA[		elseif ($embeddedUrl && $matches[1][$k] == 'url' && !$hasEqualSign)
			$replaces['[' . $matches[1][$k] . ']' . $matches[2][$k] . '[/' . $matches[3][$k] . ']'] = '[' . $this_tag . ']' . $replace . '[/' . $this_close . ']';
]]></add>
		</operation>
	</file>

	<file name="$sourcedir/ManagePosts.php">
		<operation>
			<search position="before"><![CDATA[array('bbc', 'disabledBBC'),
]]></search>
			<add><![CDATA[array('int', 'urlLength'),
]]></add>
		</operation>
	</file>

	<file name="$languagedir/Modifications.english.php">
		<operation>
			<search position="end" />
			<add><![CDATA[
// TrimUrl
$txt['urlLength'] = 'Trim url longer than (x) characters.';
]]></add>
		</operation>
	</file>
</modification>