<?xml version="1.0"?>
<!DOCTYPE package-info SYSTEM "http://www.simplemachines.org/xml/package-info">

<package-info xmlns="http://www.simplemachines.org/xml/package-info" xmlns:smf="http://www.simplemachines.org/">
	<id>jaybachatero:trim_url</id>
	<name>Trim Url</name>
	<version>1.0.2</version>
	<type>modification</type>

	<install>
		<readme type="inline">This mod will add the ability to shorten urls after X amount of characters.  Thanks to Compuart for helping me find the bug with [url] tags changing to [url=]
		Request By Jeremy aka jerm.</readme>
		<modification format="xml" type="file">install.xml</modification>
		<code>install.php</code>
	</install>

	<uninstall>
		<modification reverse="true">install.xml</modification>
	</uninstall>
</package-info>