<modification xmlns="http://www.simplemachines.org/xml/modification" xmlns:smf="http://www.simplemachines.org/">
	<id>jaybachatero:trim_url</id>
	<version>1.0.1</version>

	<file name="$sourcedir/Subs.php">
		<operation>
			<search position="replace"><![CDATA[			array(
				'tag' => 'url',
				'type' => 'unparsed_content',
				'content' => '<a href="$1" target="_blank">$1</a>',
				'validate' => create_function('&$tag, &$data, $disabled', '$data = strtr($data, array(\'<br />\' => \'\'));'),
			),
]]></search>
			<add><![CDATA[			array(
				'tag' => 'url',
				'type' => 'unparsed_content',
				'content' => '<a href="$1" target="_blank">$2</a>',
				'validate' => create_function('&$tag, &$data, $disabled', '$data = strtr($data, array(\'<br />\' => \'\'));'),
			),
]]></add>
		</operation>
	</file>
</modification>
