<modification xmlns="http://www.simplemachines.org/xml/modification" xmlns:smf="http://www.simplemachines.org/">
	<id>jaybachatero:trim_url</id>
	<version>1.0.1</version>

	<file name="$sourcedir/Subs.php">
		<operation>
			<search position="before"><![CDATA[		$urlNew = substr($url, 0, $break) . '...' . substr($url, -$break);
	}
]]></search>
			<add><![CDATA[	else
		$urlNew = $url;
]]></add>
		</operation>
	</file>

	<file name="$sourcedir/Subs-Post.php">
		<operation>
			<search position="replace"><![CDATA[		elseif ($embeddedUrl)
			$replaces['[' . $matches[1][$k] . ']' . $matches[2][$k] . '[/' . $matches[3][$k] . ']'] = '[' . $this_tag . ']' . $replace . '[/' . $this_close . ']';
]]></search>
			<add><![CDATA[		elseif ($embeddedUrl && $matches[1][$k] == 'url' && !$hasEqualSign)
			$replaces['[' . $matches[1][$k] . ']' . $matches[2][$k] . '[/' . $matches[3][$k] . ']'] = '[' . $this_tag . ']' . $replace . '[/' . $this_close . ']';
		elseif ($embeddedUrl)
			$replaces['[' . $matches[1][$k] . ']' . $matches[2][$k] . '[/' . $matches[3][$k] . ']'] = '[' . $this_tag . '=' . $replace . ']' . $matches[2][$k] . '[/' . $this_close . ']';
]]></add>
		</operation>
	</file>
</modification>
