<?xml version="1.0"?>
<!DOCTYPE package-info SYSTEM "http://www.simplemachines.org/xml/package-info">
<package-info xmlns="http://www.simplemachines.org/xml/package-info" xmlns:smf="http://www.simplemachines.org/">
	<id>cleantalk:antispam</id>
	<name>Anti-spam by CleanTalk</name>
	<type>modification</type>
	<version>2.31</version>
	<install for="2.0 - 2.1.99">
		<readme type="file" parsebbc="true">readme.txt</readme>
		<readme type="file" parsebbc="true" lang="russian-utf8">readme_russian.txt</readme>
		
		<!-- Create source dir -->
		<create-dir name="cleantalk" destination="$sourcedir"/>

		<!-- Copying new source files -->
		<require-dir name="cleantalk" destination="$sourcedir">Copying extension files</require-dir>
		
		<!-- Translations -->
		<modification format="xml" type="file">modification.xml</modification>
		<modification format="xml" type="file">languages/english.xml</modification>
		<modification format="xml" type="file">languages/english-utf8.xml</modification>
		<modification format="xml" type="file">languages/russian.xml</modification>
		<modification format="xml" type="file">languages/russian-utf8.xml</modification>
		<modification format="xml" type="file">languages/spanish_es.xml</modification>
		<modification format="xml" type="file">languages/spanish_es-utf8.xml</modification>
		
		<!-- Database updates -->
		<database>install.php</database>
		
		<!-- Redirect -->
		<redirect url="$boardurl/index.php?action=admin;area=modsettings;sa=cleantalk" type="inline">Please stand by while
			you are being redirected to this mod configuration settings.
		</redirect>
	</install>
	<uninstall for="2.0 - 2.1.99">
		<database>install.php</database>
		<modification format="xml" type="file" reverse="true">modification.xml</modification>
		<modification format="xml" type="file" reverse="true">languages/english.xml</modification>
		<modification format="xml" type="file" reverse="true">languages/english-utf8.xml</modification>
		<modification format="xml" type="file" reverse="true">languages/russian.xml</modification>
		<modification format="xml" type="file" reverse="true">languages/russian-utf8.xml</modification>
		<modification format="xml" type="file" reverse="true">languages/spanish_es.xml</modification>
		<modification format="xml" type="file" reverse="true">languages/spanish_es-utf8.xml</modification>
		<remove-dir name="$sourcedir/cleantalk/"/>
	</uninstall>
	<upgrade from="1.80 - 2.11">
		<readme type="inline" parsebbc="true">
			<![CDATA[[size=14pt][color=red]Please uninstall old version cleantalk mod when installing newer version![/color][/size]]]>
		</readme>
	</upgrade>
	<upgrade from="2.12 - 2.15">
		<readme type="inline" parsebbc="true">This upgrade for Antispam by Cleantalk to 2.30 version:
			- Fix SFW update on save settings
			- Change SFW template
			- Remove plugin settings on uninstall
			- Fix sfw_create_table query
			- Fix create_table for sql_lite
			- IPv6 support
			- Update sfw_networks on plugin install
			- First post checking now checking all messages from users with newbie group 
			- Support Cloudflare CDN
			- New option to disable/enable email notifications
			- Bug fixes and other minor improvements
		</readme>
		<readme type="inline" parsebbc="true" lang="russian-utf8">Обновление Анти-спама от Cleantalk до версии 2.30:
			- Исправлено обновление базы SpamFireWall при сохранении настроек
			- Изменен шаблон для SpamFireWall
			- Удаление настроек из БД при удалении плагина
			- Исправлен скрипт создания таблиц для SpamFireWall
			- Исправлен скрипт создания таблиц для sql_lite
			- Поддержка IPV6
			- Обновление баз SpamFireWall при установке плагина
			- Опция "Проверки первого сообщения" изменена на проверку всех сообщений от новых пользователей  
			- Поддержка Cloudflare CDN
			- Добавлена новая опция о включении/отключении e-mail уведомлений
			- Устранение багов и остальные незначительные улучшения
		</readme>
		<create-dir name="cleantalk" destination="$sourcedir"/>
		<require-file name="cleantalkMod.php" destination="$sourcedir/cleantalk">Mod main file</require-file>
		<require-file name="cleantalkModAdmin.php" destination="$sourcedir/cleantalk">Mod admin file</require-file>
		<require-file name="lib/Cleantalk.php" destination="$sourcedir/cleantalk">Base class</require-file>
		<require-file name="lib/CleantalkRequest.php" destination="$sourcedir/cleantalk">Extend for base class</require-file>
		<require-file name="lib/CleantalkResponse.php" destination="$sourcedir/cleantalk">Extend for base class</require-file>
		<require-file name="lib/CleantalkHelper.php" destination="$sourcedir/cleantalk">Helper functions</require-file>
		<require-file name="lib/CleantalkSFW.php" destination="$sourcedir/cleantalk">SFW class</require-file>
		<require-file name="lib/phpFix.php" destination="$sourcedir/cleantalk">Fix for old PHP versions</require-file>
		<require-file name="lib/sfw_die_page.html" destination="$sourcedir/cleantalk">SFW die page</require-file>
		<require-file name="lib/error.html" destination="$sourcedir/cleantalk">Cleantalk error template</require-file>		
		<require-file name="attention.png" destination="$sourcedir/cleantalk">attention picture</require-file>
		<modification format="xml" type="file">modification.xml</modification>
		<modification format="xml" type="file">languages/english.xml</modification>
		<modification format="xml" type="file">languages/english-utf8.xml</modification>
		<modification format="xml" type="file">languages/russian.xml</modification>
		<modification format="xml" type="file">languages/russian-utf8.xml</modification>
		<modification format="xml" type="file">languages/spanish_es.xml</modification>
		<modification format="xml" type="file">languages/spanish_es-utf8.xml</modification>
		<database>install.php</database>
		<redirect url="$boardurl/index.php?action=admin;area=modsettings;sa=cleantalk" type="inline">Please stand by while
			you are being redirected to this mod configuration settings.
		</redirect>			
	</upgrade>
	<upgrade from="2.16">
		<readme type="inline" parsebbc="true">This upgrade for Antispam by Cleantalk from 2.16 to 2.30 version:
			- Fix create_table for sql_lite
			- IPv6 support
			- Update sfw_networks on plugin install
			- First post checking now checking all messages from users with newbie group 	
			- Support Cloudflare CDN	
			- New option to disable/enable email notifications		
			- Bug fixes and other minor improvements
		</readme>
		<readme type="inline" parsebbc="true" lang="russian-utf8">Обновление Анти-спама от Cleantalk с версии 2.16 до 2.30:
			- Исправлен скрипт создания таблиц для sql_lite
			- Поддержка IPV6
			- Обновление баз SpamFireWall при установке плагина
			- Опция "Проверки первого сообщения" изменена на проверку всех сообщений от новых пользователей  
			- Поддержка Cloudflare CDN
			- Добавлена новая опция о включении/отключении e-mail уведомлений
			- Устранение багов и остальные незначительные улучшения
		</readme>
		<create-dir name="cleantalk" destination="$sourcedir"/>
		<require-file name="cleantalkMod.php" destination="$sourcedir/cleantalk">Mod main file</require-file>
		<require-file name="cleantalkModAdmin.php" destination="$sourcedir/cleantalk">Mod admin file</require-file>
		<require-file name="lib/Cleantalk.php" destination="$sourcedir/cleantalk">Base class</require-file>
		<require-file name="lib/CleantalkHelper.php" destination="$sourcedir/cleantalk">Helper functions</require-file>
		<require-file name="lib/error.html" destination="$sourcedir/cleantalk">Cleantalk error template</require-file>		
		<modification format="xml" type="file">modification.xml</modification>
		<modification format="xml" type="file">languages/english.xml</modification>
		<modification format="xml" type="file">languages/english-utf8.xml</modification>
		<modification format="xml" type="file">languages/russian.xml</modification>
		<modification format="xml" type="file">languages/russian-utf8.xml</modification>
		<modification format="xml" type="file">languages/spanish_es.xml</modification>
		<modification format="xml" type="file">languages/spanish_es-utf8.xml</modification>		
		<database>install.php</database>
		<redirect url="$boardurl/index.php?action=admin;area=modsettings;sa=cleantalk" type="inline">Please stand by while
			you are being redirected to this mod configuration settings.
		</redirect>			
	</upgrade>
	<upgrade from="2.17">
		<readme type="inline" parsebbc="true">This upgrade for Antispam by Cleantalk from 2.17 to 2.30 version:	
			- Support Cloudflare CDN
			- New option to disable/enable email notifications	
			- Bug fixes and other minor improvements
		</readme>
		<readme type="inline" parsebbc="true" lang="russian-utf8">Обновление Анти-спама от Cleantalk с версии 2.17 до 2.30:	
			- Поддержка Cloudflare CDN
			- Добавлена новая опция о включении/отключении e-mail уведомлений
			- Устранение багов и остальные незначительные улучшения
		</readme>
		<create-dir name="cleantalk" destination="$sourcedir"/>
		<require-file name="cleantalkMod.php" destination="$sourcedir/cleantalk">Mod main file</require-file>
		<require-file name="cleantalkModAdmin.php" destination="$sourcedir/cleantalk">Mod admin file</require-file>
		<require-file name="lib/Cleantalk.php" destination="$sourcedir/cleantalk">Base class</require-file>
		<require-file name="lib/CleantalkHelper.php" destination="$sourcedir/cleantalk">Helper functions</require-file>
		<require-file name="lib/error.html" destination="$sourcedir/cleantalk">Cleantalk error template</require-file>		
		<modification format="xml" type="file">modification.xml</modification>
		<modification format="xml" type="file">languages/english.xml</modification>
		<modification format="xml" type="file">languages/english-utf8.xml</modification>
		<modification format="xml" type="file">languages/russian.xml</modification>
		<modification format="xml" type="file">languages/russian-utf8.xml</modification>
		<modification format="xml" type="file">languages/spanish_es.xml</modification>
		<modification format="xml" type="file">languages/spanish_es-utf8.xml</modification>	
		<database>install.php</database>
		<redirect url="$boardurl/index.php?action=admin;area=modsettings;sa=cleantalk" type="inline">Please stand by while
			you are being redirected to this mod configuration settings.
		</redirect>			
	</upgrade>
	<upgrade from="2.18">
		<readme type="inline" parsebbc="true">This upgrade for Antispam by Cleantalk from 2.18 to 2.30 version:
			- New option to disable/enable email notifications		
			- Bug fixes and other minor improvements
		</readme>
		<readme>
			- Добавлена новая опция о включении/отключении e-mail уведомлений
			- Устранение багов и остальные незначительные улучшения
		</readme>
		<create-dir name="cleantalk" destination="$sourcedir"/>
		<require-file name="cleantalkMod.php" destination="$sourcedir/cleantalk">Mod main file</require-file>
		<require-file name="cleantalkModAdmin.php" destination="$sourcedir/cleantalk">Mod admin file</require-file>
		<require-file name="lib/Cleantalk.php" destination="$sourcedir/cleantalk">Base class</require-file>
		<require-file name="lib/CleantalkHelper.php" destination="$sourcedir/cleantalk">Helper functions</require-file>
		<require-file name="lib/CleantalkSFW.php" destination="$sourcedir/cleantalk">SFW class</require-file>	
		<require-file name="lib/error.html" destination="$sourcedir/cleantalk">Cleantalk error template</require-file>			
		<modification format="xml" type="file">modification.xml</modification>
		<modification format="xml" type="file">languages/english.xml</modification>
		<modification format="xml" type="file">languages/english-utf8.xml</modification>
		<modification format="xml" type="file">languages/russian.xml</modification>
		<modification format="xml" type="file">languages/russian-utf8.xml</modification>
		<modification format="xml" type="file">languages/spanish_es.xml</modification>
		<modification format="xml" type="file">languages/spanish_es-utf8.xml</modification>	
		<database>install.php</database>
		<redirect url="$boardurl/index.php?action=admin;area=modsettings;sa=cleantalk" type="inline">Please stand by while
			you are being redirected to this mod configuration settings.
		</redirect>			
	</upgrade>
	<upgrade from="2.19">
		<readme type="inline" parsebbc="true">This upgrade for Antispam by Cleantalk from 2.19 to 2.30 version:
			- New option to disable/enable email notifications	
			- Bug fixes and other minor improvements
		</readme>
		<readme type="inline" parsebbc="true" lang="russian-utf8">Обновление Анти-спама от Cleantalk с версии 2.19 до 2.30:	
			- Добавлена новая опция о включении/отключении e-mail уведомлений
			- Устранение багов и остальные незначительные улучшения
		</readme>
		<create-dir name="cleantalk" destination="$sourcedir"/>
		<require-file name="cleantalkMod.php" destination="$sourcedir/cleantalk">Mod main file</require-file>
		<require-file name="cleantalkModAdmin.php" destination="$sourcedir/cleantalk">Mod admin file</require-file>
		<require-file name="lib/Cleantalk.php" destination="$sourcedir/cleantalk">Base class</require-file>
		<require-file name="lib/CleantalkHelper.php" destination="$sourcedir/cleantalk">Helper functions</require-file>
		<require-file name="lib/error.html" destination="$sourcedir/cleantalk">Cleantalk error template</require-file>		
		<modification format="xml" type="file">modification.xml</modification>
		<modification format="xml" type="file">languages/english.xml</modification>
		<modification format="xml" type="file">languages/english-utf8.xml</modification>
		<modification format="xml" type="file">languages/russian.xml</modification>
		<modification format="xml" type="file">languages/russian-utf8.xml</modification>
		<modification format="xml" type="file">languages/spanish_es.xml</modification>
		<modification format="xml" type="file">languages/spanish_es-utf8.xml</modification>		
		<database>install.php</database>
		<redirect url="$boardurl/index.php?action=admin;area=modsettings;sa=cleantalk" type="inline">Please stand by while
			you are being redirected to this mod configuration settings.
		</redirect>			
	</upgrade>
	<upgrade from="2.20">
		<readme type="inline" parsebbc="true">This upgrade for Antispam by Cleantalk from 2.20 to 2.30 version:
			- Bug fixes and other minor improvements
		</readme>
		<readme type="inline" parsebbc="true" lang="russian-utf8">Обновление Анти-спама от Cleantalk с версии 2.20 до 2.30:	
			- Устранение багов и остальные незначительные улучшения
		</readme>
		<create-dir name="cleantalk" destination="$sourcedir"/>
		<require-file name="cleantalkMod.php" destination="$sourcedir/cleantalk">Mod main file</require-file>
		<require-file name="cleantalkModAdmin.php" destination="$sourcedir/cleantalk">Mod admin file</require-file>
		<require-file name="lib/Cleantalk.php" destination="$sourcedir/cleantalk">Base class</require-file>
		<require-file name="lib/CleantalkHelper.php" destination="$sourcedir/cleantalk">Helper functions</require-file>	
		<modification format="xml" type="file">modification.xml</modification>	
		<modification format="xml" type="file">languages/english.xml</modification>
		<modification format="xml" type="file">languages/english-utf8.xml</modification>
		<modification format="xml" type="file">languages/russian.xml</modification>
		<modification format="xml" type="file">languages/russian-utf8.xml</modification>
		<modification format="xml" type="file">languages/spanish_es.xml</modification>
		<modification format="xml" type="file">languages/spanish_es-utf8.xml</modification>		
		<database>install.php</database>
		<redirect url="$boardurl/index.php?action=admin;area=modsettings;sa=cleantalk" type="inline">Please stand by while
			you are being redirected to this mod configuration settings.
		</redirect>			
	</upgrade>
	<upgrade from="2.21">
		<readme type="inline" parsebbc="true">This upgrade for Antispam by Cleantalk from 2.21 to 2.30 version:
			- Bug fixes and other minor improvements
			- Private messages check excluded.
		</readme>
		<readme type="inline" parsebbc="true" lang="russian-utf8">Обновление Анти-спама от Cleantalk с версии 2.21 до 2.30:
			- Исправлен баг с проверкой линых сообщений
			- Устранение багов и остальные незначительные улучшения
		</readme>
		<create-dir name="cleantalk" destination="$sourcedir"/>
		<require-file name="cleantalkMod.php" destination="$sourcedir/cleantalk">Mod main file</require-file>
		<require-file name="cleantalkModAdmin.php" destination="$sourcedir/cleantalk">Mod admin file</require-file>
		<require-file name="lib/Cleantalk.php" destination="$sourcedir/cleantalk">Base class</require-file>
		<require-file name="lib/CleantalkHelper.php" destination="$sourcedir/cleantalk">Helper functions</require-file>	
		<modification format="xml" type="file">modification.xml</modification>	
		<modification format="xml" type="file">languages/english.xml</modification>
		<modification format="xml" type="file">languages/english-utf8.xml</modification>
		<modification format="xml" type="file">languages/russian.xml</modification>
		<modification format="xml" type="file">languages/russian-utf8.xml</modification>
		<modification format="xml" type="file">languages/spanish_es.xml</modification>
		<modification format="xml" type="file">languages/spanish_es-utf8.xml</modification>		
		<database>install.php</database>
		<redirect url="$boardurl/index.php?action=admin;area=modsettings;sa=cleantalk" type="inline">Please stand by while
			you are being redirected to this mod configuration settings.
		</redirect>			
	</upgrade>
	<upgrade from="2.22">
		<readme type="inline" parsebbc="true">This upgrade for Antispam by Cleantalk from 2.22 to 2.30 version:
			- Bug fixes and other minor improvements
		</readme>
		<readme type="inline" parsebbc="true" lang="russian-utf8">Обновление Анти-спама от Cleantalk с версии 2.22 до 2.30:
			- Устранение багов и остальные незначительные улучшения
		</readme>
		<create-dir name="cleantalk" destination="$sourcedir"/>
		<require-file name="cleantalkMod.php" destination="$sourcedir/cleantalk">Mod main file</require-file>
		<require-file name="cleantalkModAdmin.php" destination="$sourcedir/cleantalk">Mod admin file</require-file>
		<require-file name="lib/Cleantalk.php" destination="$sourcedir/cleantalk">Base class</require-file>
		<require-file name="lib/CleantalkHelper.php" destination="$sourcedir/cleantalk">Helper functions</require-file>
		<modification format="xml" type="file">modification.xml</modification>	
		<modification format="xml" type="file">languages/english.xml</modification>
		<modification format="xml" type="file">languages/english-utf8.xml</modification>
		<modification format="xml" type="file">languages/russian.xml</modification>
		<modification format="xml" type="file">languages/russian-utf8.xml</modification>
		<modification format="xml" type="file">languages/spanish_es.xml</modification>
		<modification format="xml" type="file">languages/spanish_es-utf8.xml</modification>		
		<database>install.php</database>
		<redirect url="$boardurl/index.php?action=admin;area=modsettings;sa=cleantalk" type="inline">Please stand by while
			you are being redirected to this mod configuration settings.
		</redirect>			
	</upgrade>
	<upgrade from="2.23">
		<readme type="inline" parsebbc="true">This upgrade for Antispam by Cleantalk from 2.23 to 2.30 version:
			- Lib class updated
			- Move mod settings to a separate tab
			- Bug fixes and other minor improvements
		</readme>
		<readme type="inline" parsebbc="true" lang="russian-utf8">Обновление Анти-спама от Cleantalk с версии 2.23 до 2.30:
			- Обновление классов
			- Настройки мода вынесены в отдельную вкладку
			- Устранение багов и остальные незначительные улучшения
		</readme>
		<create-dir name="cleantalk" destination="$sourcedir"/>
		<require-file name="cleantalkMod.php" destination="$sourcedir/cleantalk">Mod main file</require-file>
		<require-file name="cleantalkModAdmin.php" destination="$sourcedir/cleantalk">Mod admin file</require-file>
		<require-file name="lib/Cleantalk.php" destination="$sourcedir/cleantalk">Base class</require-file>
		<require-file name="lib/CleantalkHelper.php" destination="$sourcedir/cleantalk">Helper functions</require-file>
		<modification format="xml" type="file">modification.xml</modification>	
		<modification format="xml" type="file">languages/english.xml</modification>
		<modification format="xml" type="file">languages/english-utf8.xml</modification>
		<modification format="xml" type="file">languages/russian.xml</modification>
		<modification format="xml" type="file">languages/russian-utf8.xml</modification>
		<modification format="xml" type="file">languages/spanish_es.xml</modification>
		<modification format="xml" type="file">languages/spanish_es-utf8.xml</modification>		
		<database>install.php</database>
		<redirect url="$boardurl/index.php?action=admin;area=modsettings;sa=cleantalk" type="inline">Please stand by while
			you are being redirected to this mod configuration settings.
		</redirect>			
	</upgrade>
	<upgrade from="2.24">
		<readme type="inline" parsebbc="true">This upgrade for Antispam by Cleantalk from 2.23 to 2.30 version:
			- Show a real name for the Newbie membergroup on the mod settings page
			- Add automod option
			- Admin e-mail notification for each spam checking
			- Optimize settings
			- Remote calls support			
			- Bug fixes and other minor improvements
		</readme>
		<readme type="inline" parsebbc="true" lang="russian-utf8">Обновление Анти-спама от Cleantalk с версии 2.23 до 2.30:
			- Вывод реального имени для группы "Новичек" в настройках мода
			- Новая опция для автомодерации сообщений
			- Уведомление администраторов по e-mail по каждой сработки антиспама
			- Оптимизация настроек
			- Поддержка удаленных вызовов			
			- Устранение багов и остальные незначительные улучшения
		</readme>
		<create-dir name="cleantalk" destination="$sourcedir"/>
		<require-file name="cleantalkMod.php" destination="$sourcedir/cleantalk">Mod main file</require-file>
		<require-file name="cleantalkModAdmin.php" destination="$sourcedir/cleantalk">Mod admin file</require-file>
		<require-file name="lib/Cleantalk.php" destination="$sourcedir/cleantalk">Base class</require-file>
		<require-file name="lib/CleantalkHelper.php" destination="$sourcedir/cleantalk">Helper functions</require-file>
		<modification format="xml" type="file">modification.xml</modification>	
		<modification format="xml" type="file">languages/english.xml</modification>
		<modification format="xml" type="file">languages/english-utf8.xml</modification>
		<modification format="xml" type="file">languages/russian.xml</modification>
		<modification format="xml" type="file">languages/russian-utf8.xml</modification>
		<modification format="xml" type="file">languages/spanish_es.xml</modification>
		<modification format="xml" type="file">languages/spanish_es-utf8.xml</modification>		
		<database>install.php</database>
		<redirect url="$boardurl/index.php?action=admin;area=modsettings;sa=cleantalk" type="inline">Please stand by while
			you are being redirected to this mod configuration settings.
		</redirect>			
	</upgrade>
	<upgrade from="2.25">
		<readme type="inline" parsebbc="true">This upgrade for Antispam by Cleantalk from 2.25 to 2.30 version:
			- Fix admin checking with custom contact forms option enabled 
			- Fix JS checking
			- Optimize settings
			- Remote calls support			
			- Bug fixes and other minor improvements
		</readme>
		<readme type="inline" parsebbc="true" lang="russian-utf8">Обновление Анти-спама от Cleantalk с версии 2.25 до 2.30:
			- Исправлен баг с проверкой администратора с включенной опцией проверки кастомных форм
			- Исправлена JS проверка
			- Оптимизация настроек
			- Поддержка удаленных вызовов				
			- Устранение багов и остальные незначительные улучшения
		</readme>
		<create-dir name="cleantalk" destination="$sourcedir"/>
		<require-file name="cleantalkMod.php" destination="$sourcedir/cleantalk">Mod main file</require-file>
		<require-file name="cleantalkModAdmin.php" destination="$sourcedir/cleantalk">Mod admin file</require-file>
		<require-file name="lib/CleantalkHelper.php" destination="$sourcedir/cleantalk">Helper functions</require-file>
		<modification format="xml" type="file">modification.xml</modification>	
		<modification format="xml" type="file">languages/english.xml</modification>
		<modification format="xml" type="file">languages/english-utf8.xml</modification>
		<modification format="xml" type="file">languages/russian.xml</modification>
		<modification format="xml" type="file">languages/russian-utf8.xml</modification>
		<modification format="xml" type="file">languages/spanish_es.xml</modification>
		<modification format="xml" type="file">languages/spanish_es-utf8.xml</modification>		
		<database>install.php</database>
		<redirect url="$boardurl/index.php?action=admin;area=modsettings;sa=cleantalk" type="inline">Please stand by while
			you are being redirected to this mod configuration settings.
		</redirect>			
	</upgrade>
	<upgrade from="2.26">
		<readme type="inline" parsebbc="true">This upgrade for Antispam by Cleantalk from 2.26 to 2.30 version:
			- Optimize settings
			- Remote calls support			
			- Bug fixes and other minor improvements
		</readme>
		<readme type="inline" parsebbc="true" lang="russian-utf8">Обновление Анти-спама от Cleantalk с версии 2.26 до 2.30:
			- Оптимизация настроек
			- Поддержка удаленных вызовов			
			- Устранение багов и остальные незначительные улучшения
		</readme>
		<create-dir name="cleantalk" destination="$sourcedir"/>
		<require-file name="cleantalkMod.php" destination="$sourcedir/cleantalk">Mod main file</require-file>
		<require-file name="cleantalkModAdmin.php" destination="$sourcedir/cleantalk">Mod admin file</require-file>
		<require-file name="lib/CleantalkHelper.php" destination="$sourcedir/cleantalk">Helper functions</require-file>
		<modification format="xml" type="file">modification.xml</modification>
		<modification format="xml" type="file">languages/english.xml</modification>
		<modification format="xml" type="file">languages/english-utf8.xml</modification>
		<modification format="xml" type="file">languages/russian.xml</modification>
		<modification format="xml" type="file">languages/russian-utf8.xml</modification>
		<modification format="xml" type="file">languages/spanish_es.xml</modification>
		<modification format="xml" type="file">languages/spanish_es-utf8.xml</modification>			
		<database>install.php</database>
		<redirect url="$boardurl/index.php?action=admin;area=modsettings;sa=cleantalk" type="inline">Please stand by while
			you are being redirected to this mod configuration settings.
		</redirect>			
	</upgrade>
	<upgrade from="2.27">
		<readme type="inline" parsebbc="true">This upgrade for Antispam by Cleantalk from 2.27 to 2.30 version:
			- Optimize settings
			- Remote calls support
			- Bug fixes and other minor improvements
		</readme>
		<readme type="inline" parsebbc="true" lang="russian-utf8">Обновление Анти-спама от Cleantalk с версии 2.27 до 2.30:
			- Оптимизация настроек
			- Поддержка удаленных вызовов
			- Устранение багов и остальные незначительные улучшения
		</readme>
		<create-dir name="cleantalk" destination="$sourcedir"/>
		<require-file name="cleantalkMod.php" destination="$sourcedir/cleantalk">Mod main file</require-file>
		<require-file name="cleantalkModAdmin.php" destination="$sourcedir/cleantalk">Mod admin file</require-file>
		<require-file name="lib/CleantalkHelper.php" destination="$sourcedir/cleantalk">Helper functions</require-file>
		<modification format="xml" type="file">modification.xml</modification>
		<modification format="xml" type="file">languages/english.xml</modification>
		<modification format="xml" type="file">languages/english-utf8.xml</modification>
		<modification format="xml" type="file">languages/russian.xml</modification>
		<modification format="xml" type="file">languages/russian-utf8.xml</modification>
		<modification format="xml" type="file">languages/spanish_es.xml</modification>
		<modification format="xml" type="file">languages/spanish_es-utf8.xml</modification>			
		<database>install.php</database>
		<redirect url="$boardurl/index.php?action=admin;area=modsettings;sa=cleantalk" type="inline">Please stand by while
			you are being redirected to this mod configuration settings.
		</redirect>			
	</upgrade>
	<upgrade from="2.28">
		<readme type="inline" parsebbc="true">This upgrade for Antispam by Cleantalk from 2.28 to 2.30 version:
			- Add protection for personal messages
			- Spanish translation
			- Bug fixes and other minor improvements
		</readme>
		<readme type="inline" parsebbc="true" lang="russian-utf8">Обновление Анти-спама от Cleantalk с версии 2.28 до 2.30:
			- Добавлена защита личных сообщений
			- Испанский перевод
			- Устранение багов и остальные незначительные улучшения
		</readme>
		<create-dir name="cleantalk" destination="$sourcedir"/>
		<require-file name="cleantalkMod.php" destination="$sourcedir/cleantalk">Mod main file</require-file>
		<require-file name="cleantalkModAdmin.php" destination="$sourcedir/cleantalk">Mod admin file</require-file>
		<modification format="xml" type="file">modification.xml</modification>
		<modification format="xml" type="file">languages/english.xml</modification>
		<modification format="xml" type="file">languages/english-utf8.xml</modification>
		<modification format="xml" type="file">languages/russian.xml</modification>
		<modification format="xml" type="file">languages/russian-utf8.xml</modification>
		<modification format="xml" type="file">languages/spanish_es.xml</modification>
		<modification format="xml" type="file">languages/spanish_es-utf8.xml</modification>			
		<database>install.php</database>
		<redirect url="$boardurl/index.php?action=admin;area=modsettings;sa=cleantalk" type="inline">Please stand by while
			you are being redirected to this mod configuration settings.
		</redirect>			
	</upgrade>
	<upgrade from="2.29">
		<readme type="inline" parsebbc="true">This upgrade for Antispam by Cleantalk from 2.29 to 2.30 version:
			- Bug fixes and other minor improvements
		</readme>
		<readme type="inline" parsebbc="true" lang="russian-utf8">Обновление Анти-спама от Cleantalk с версии 2.29 до 2.30:
			- Устранение багов и остальные незначительные улучшения
		</readme>
		<create-dir name="cleantalk" destination="$sourcedir"/>
		<require-file name="cleantalkMod.php" destination="$sourcedir/cleantalk">Mod main file</require-file>
		<require-file name="cleantalkModAdmin.php" destination="$sourcedir/cleantalk">Mod admin file</require-file>
		<require-file name="lib/phpFix.php" destination="$sourcedir/cleantalk">Fix for old PHP versions</require-file>
		<modification format="xml" type="file">modification.xml</modification>
		<modification format="xml" type="file">languages/english.xml</modification>
		<modification format="xml" type="file">languages/english-utf8.xml</modification>
		<modification format="xml" type="file">languages/russian.xml</modification>
		<modification format="xml" type="file">languages/russian-utf8.xml</modification>
		<modification format="xml" type="file">languages/spanish_es.xml</modification>
		<modification format="xml" type="file">languages/spanish_es-utf8.xml</modification>			
		<database>install.php</database>
		<redirect url="$boardurl/index.php?action=admin;area=modsettings;sa=cleantalk" type="inline">Please stand by while
			you are being redirected to this mod configuration settings.
		</redirect>			
	</upgrade>
	<upgrade from="2.30">
		<readme type="inline" parsebbc="true">This upgrade for Antispam by Cleantalk from 2.29 to 2.31 version:
			- Setting "Check registration" added.
			- Fix for ut8_decode function.
		</readme>
		<readme type="inline" parsebbc="true" lang="russian-utf8">Обновление Анти-спама от Cleantalk с версии 2.29 до 2.30:
			- Добавлена опция "Проверка регистраций"
			- Исправления для функции ut8_decode.
		</readme>
		
		<!-- Cleaning up old data -->
		<remove-dir name="$sourcedir/cleantalk" />
		<create-dir name="cleantalk" destination="$sourcedir"/>

		<!-- Copying new source files -->
		<require-dir name="cleantalk" destination="$sourcedir">Copying extension files</require-dir>

		<!-- Translations -->
		<modification format="xml" type="file">modification.xml</modification>
		<modification format="xml" type="file">languages/english.xml</modification>
		<modification format="xml" type="file">languages/english-utf8.xml</modification>
		<modification format="xml" type="file">languages/russian.xml</modification>
		<modification format="xml" type="file">languages/russian-utf8.xml</modification>
		<modification format="xml" type="file">languages/spanish_es.xml</modification>
		<modification format="xml" type="file">languages/spanish_es-utf8.xml</modification>

		<!-- Database updates -->
		<database>install.php</database>

		<redirect url="$boardurl/index.php?action=admin;area=modsettings;sa=cleantalk" type="inline">Please stand by while
			you are being redirected to this mod configuration settings.
		</redirect>
	</upgrade>
</package-info>
