<?xml version="1.0"?>
<!DOCTYPE modification SYSTEM "http://www.simplemachines.org/xml/modification">
<modification xmlns="http://www.simplemachines.org/xml/modification" xmlns:smf="http://www.simplemachines.org/">
<id>Dougiefresh:Instagram</id>
<name>Embed Instagram BBCode</name>
<version>2.1</version>

<file name="$sourcedir/Post.php">
	<operation>
		<search position="replace"><![CDATA['<img>]]></search>
		<add><![CDATA['<img><iframe>]]></add>
	</operation>
	<operation>
		<search position="replace"><![CDATA['<img>]]></search>
		<add><![CDATA['<img><iframe>]]></add>
	</operation>
</file>
<file name="$sourcedir/Subs.php">
	<operation>
		<search position="after"><![CDATA[// The non-breaking-space looks a bit different each time.]]></search>
		<add><![CDATA[// Embed Instagram URLs in the instagram bbcode tags:
	BBCode_Instagram_Embed($message, $smileys, $cache_id, $parse_tags);

	]]></add>
	</operation>
</file>
<file name="$boarddir/mobiquo/include/Post.php" error="skip">
	<operation>
		<search position="replace"><![CDATA['<img>]]></search>
		<add><![CDATA['<img><iframe>]]></add>
	</operation>
	<operation>
		<search position="replace"><![CDATA['<img>]]></search>
		<add><![CDATA['<img><iframe>]]></add>
	</operation>
</file>
<file name="$boarddir/mobiquo/include/Subs.php" error="skip">>
	<operation>
		<search position="after"><![CDATA[// The non-breaking-space looks a bit different each time.]]></search>
		<add><![CDATA[// Embed Instagram URLs in the instagram bbcode tags:
	BBCode_Instagram_Embed($message, $smileys, $cache_id, $parse_tags);

	]]></add>
	</operation>
</file>
</modification>
