<?xml version="1.0"?>
<!DOCTYPE modification SYSTEM "http://www.simplemachines.org/xml/modification">
<modification xmlns="http://www.simplemachines.org/xml/modification" xmlns:smf="http://www.simplemachines.org/">
<id>Dougiefresh:Instagram</id>
<name>Embed Instagram BBCode</name>
<version>2.1</version>
	
<file name="$languagedir/index.english.php">
	<operation>
		<search position="end" />
		<add><![CDATA[
$txt['instagram_no_post_id'] = 'No Instagram post ID supplied.';
$txt['instagram_default_width'] = 'Default width used for Instagram bbcode when not specified<div class="smalltext">Use <strong>0</strong> to use responsive video display</div>';
$txt['instagram_default_height'] = 'Default height used for Instagram bbcode when not specified<div class="smalltext">Use <strong>0</strong> to use responsive video display</div>';
$txt['instagram_include_link'] = 'Include Instagram link below post?';
]]></add>
	</operation>
</file>
</modification>
