<?xml version="1.0"?>
<!DOCTYPE modification SYSTEM "http://www.simplemachines.org/xml/modification">
<modification xmlns="http://www.simplemachines.org/xml/modification" xmlns:smf="http://www.simplemachines.org/">
<id>Dougiefresh:Instagram</id>
<name>Embed Instagram BBCode</name>
<version>2.1</version>
	
<file name="$languagedir/index.spanish_latin.php" error="skip">
	<operation>
		<search position="end" />
		<add><![CDATA[
$txt['instagram_no_post_id'] = 'No se proporcion&oacute; ID de publicaci&oacute;n de Instagram.';
$txt['instagram_default_width'] = 'Ancho predeterminado utilizado para Instagram bbcode cuando no se especifica<div class="smalltext">Usar <strong>0</strong> para una interfaz del vídeo responsive</div>';
$txt['instagram_default_height'] = 'Altura predeterminada utilizada para Instagram bbcode cuando no se especifica<div class="smalltext">Usar <strong>0</strong> para una interfaz del vídeo responsive</div>';
$txt['instagram_include_link'] = 'Include Instagram link below post?';
]]></add>
	</operation>
</file>
<file name="$languagedir/index.spanish_latin-utf8.php" error="skip">
	<operation>
		<search position="end" />
		<add><![CDATA[
$txt['instagram_no_post_id'] = 'No se proporcionó ID de publicación de Instagram.';
$txt['instagram_default_width'] = 'Ancho predeterminado utilizado para Instagram bbcode cuando no se especifica<div class="smalltext">Usar <strong>0</strong> para una interfaz del vídeo responsive</div>';
$txt['instagram_default_height'] = 'Altura predeterminada utilizada para Instagram bbcode cuando no se especifica<div class="smalltext">Usar <strong>0</strong> para una interfaz del vídeo responsive</div>';
$txt['instagram_include_link'] = 'Include Instagram link below post?';
]]></add>
	</operation>
</file>
</modification>