<?xml version="1.0"?>
<!DOCTYPE package-info SYSTEM "http://www.simplemachines.org/xml/package-info">

<package-info xmlns="http://www.simplemachines.org/xml/package-info" xmlns:smf="http://www.simplemachines.org/">
	<id>Dougiefresh:Instagram</id>
	<name>Embed Instagram BBCode</name>
	<type>modification</type>
	<version>2.1</version>

	<install for="2.0 - 2.0.99">
		<readme parsebbc="true">readme.txt</readme>
		<code>add_remove_hooks.php</code>
		<modification>install.xml</modification>
		<modification>language_english.xml</modification>
		<modification>language_spanish_es.xml</modification>
		<modification>language_spanish_latin.xml</modification>
		<require-file name="Subs-Instagram.php" destination="$sourcedir" />
		<require-file name="instagram.css" destination="$themedir/css" />
		<require-file name="instagram.gif" destination="$imagesdir/bbc" />
	</install>
	<uninstall for="2.0 - 2.0.99">
		<code>add_remove_hooks.php</code>
		<modification reverse="true">install.xml</modification>
		<modification reverse="true">language_english.xml</modification>
		<modification reverse="true">language_spanish_es.xml</modification>
		<modification reverse="true">language_spanish_latin.xml</modification>
		<remove-file name="$sourcedir/Subs-Instagram.php" />		
		<remove-file name="$themedir/css/instagram.css" />
		<remove-file name="$imagesdir/bbc/instagram.gif" />
	</uninstall>

	<install for="2.1 Beta 2">
		<readme parsebbc="true">readme.txt</readme>
		<code>add_remove_hooks.php</code>
		<modification>language_english.xml</modification>
		<modification>language_spanish_es.xml</modification>
		<modification>language_spanish_latin.xml</modification>
		<require-file name="Subs-Instagram.php" destination="$sourcedir" />
		<require-file name="instagram.css" destination="$themedir/css" />
		<require-file name="instagram.png" destination="$imagesdir/bbc" />
	</install>
	<uninstall for="2.1 Beta 2">
		<code>add_remove_hooks.php</code>
		<modification reverse="true">language_english.xml</modification>
		<modification reverse="true">language_spanish_es.xml</modification>
		<modification reverse="true">language_spanish_latin.xml</modification>
		<remove-file name="$sourcedir/Subs-Instagram.php" />		
		<remove-file name="$themedir/css/instagram.css" />
		<remove-file name="$imagesdir/bbc/instagram.png" />
	</uninstall>
</package-info>