<?xml version="1.0"?>
<!DOCTYPE modification SYSTEM "http://www.simplemachines.org/xml/modification">
<modification xmlns="http://www.simplemachines.org/xml/modification" xmlns:smf="http://www.simplemachines.org/">
<id>Dougiefresh:YouTube</id>
<name>Yet Another YouTube BBCode Tag</name>
<version>4.14</version>

<file name="$themedir/Settings.template.php">
	<operation>
		<search position="after"><![CDATA[$txt['theme_opt_posting'],]]></search>
		<add><![CDATA[array(
			'id' => 'youtube_no_embed',
			'label' => $txt['youtube_no_embed'],
			'default' => true,
		),
		]]></add>
	</operation>
</file>
<file name="$sourcedir/PortalBlocks.php" error="skip">
	<operation>
		<search position="after"><![CDATA[$shoutbox['warning'] = parse_bbc($shoutbox['warning']);]]></search>
		<add><![CDATA[$context['bbc_youtube']['ignore'] = true;
	]]></add>
	</operation>
</file>
</modification>