<?xml version="1.0"?>
<!DOCTYPE modification SYSTEM "http://www.simplemachines.org/xml/modification">
<modification xmlns="http://www.simplemachines.org/xml/modification" xmlns:smf="http://www.simplemachines.org/">
<id>Dougiefresh:BBCode_youtube</id>
<version>4.14</version>

<file name="$languagedir/index.english.php">
	<operation>
		<search position="end" />
		<add><![CDATA[
$txt['youtube'] = 'Youtube';
$txt['yt_search'] = 'YouTube Search';
$txt['yt_user'] = 'YouTube User';
$txt['youtube_link_invalid'] = '[ Invalid YouTube link ]';
$txt['youtube_no_embed'] = 'Show YouTube videos as a link.';
]]></add>
	</operation>
</file>
<file name="$languagedir/ManageSettings.english.php">
	<operation>
		<search position="end" />
		<add><![CDATA[
$txt['youtube_default_width'] = 'Default width used for YouTube bbcode when not specified<div class="smalltext">Use <strong>0</strong> to use responsive video display</div>';
$txt['youtube_default_height'] = 'Default height used for YouTube bbcode when not specified<div class="smalltext">Use <strong>0</strong> to use responsive video display</div>';
$txt['youtube_sig_embed'] = 'Allow YouTube videos in signatures?';
]]></add>
	</operation>
</file>
<file name="$languagedir/index.english-utf8.php" error="skip">
	<operation>
		<search position="end" />
		<add><![CDATA[
$txt['youtube'] = 'Youtube';
$txt['yt_search'] = 'YouTube Search';
$txt['yt_user'] = 'YouTube User';
$txt['youtube_link_invalid'] = '[ Invalid YouTube link ]';
$txt['youtube_no_embed'] = 'Show YouTube videos as a link.';
$txt['youtube_sig_embed'] = 'Allow YouTube videos in signatures?';
$txt['youtube_disable_autoembed'] = 'Disable YouTube autoembed?';
]]></add>
	</operation>
</file>
<file name="$languagedir/ManageSettings.english-utf8.php" error="skip">
	<operation>
		<search position="end" />
		<add><![CDATA[
$txt['youtube_default_width'] = 'Default width used for YouTube bbcode when not specified<div class="smalltext">Use <strong>0</strong> to use responsive video display</div>';
$txt['youtube_default_height'] = 'Default height used for YouTube bbcode when not specified<div class="smalltext">Use <strong>0</strong> to use responsive video display</div>';
]]></add>
	</operation>
</file>
</modification>