<?xml version="1.0"?>
<!DOCTYPE package-info SYSTEM "http://www.simplemachines.org/xml/package-info">

<package-info xmlns="http://www.simplemachines.org/xml/package-info" xmlns:smf="http://www.simplemachines.org/">
	<id>Dougiefresh:YouTube</id>
	<name>Yet Another YouTube BBCode Tag</name>
	<type>modification</type>
	<version>4.14</version>

	<install for="2.0 - 2.0.99">
		<readme parsebbc="true">readme.txt</readme>
		<code>add_remove_hooks.php</code>
		<modification>install_20x.xml</modification>
		<modification>language_english.xml</modification>
		<modification>language_spanish_latin.xml</modification>
		<require-file name="Subs-BBCode-YouTube.php" destination="$sourcedir" />
		<require-file name="BBCode-YouTube2.css" destination="$themedir/css" />
		<require-file name="youtube.gif" destination="$imagesdir/bbc" />
		<require-file name="yt_search.gif" destination="$imagesdir/bbc" />
		<require-file name="yt_user.gif" destination="$imagesdir/bbc" />
	</install>
	<uninstall for="2.0 - 2.0.99">
		<code>add_remove_hooks.php</code>
		<modification reverse="true">install_20x.xml</modification>
		<modification reverse="true">language_english.xml</modification>
		<modification reverse="true">language_spanish_latin.xml</modification>
		<remove-file name="$sourcedir/Subs-BBCode-YouTube.php" />
		<remove-file name="$themedir/css/BBCode-YouTube2.css" />
		<remove-file name="$imagesdir/bbc/youtube.gif" />
		<remove-file name="$imagesdir/bbc/yt_search.gif" />
		<remove-file name="$imagesdir/bbc/yt_user.gif" />
	</uninstall>

	<install for="2.1 Beta 3">
		<readme parsebbc="true">readme.txt</readme>
		<code>add_remove_hooks.php</code>
		<modification>install_21x.xml</modification>
		<modification>language_english.xml</modification>
		<modification>language_spanish_latin.xml</modification>
		<require-file name="Subs-BBCode-YouTube.php" destination="$sourcedir" />
		<require-file name="BBCode-YouTube2.css" destination="$themedir/css" />
		<require-file name="youtube.png" destination="$imagesdir/bbc" />
		<require-file name="yt_search.png" destination="$imagesdir/bbc" />
		<require-file name="yt_user.png" destination="$imagesdir/bbc" />
	</install>
	<uninstall for="2.1 Beta 3">
		<code>add_remove_hooks.php</code>
		<modification reverse="true">install_21x.xml</modification>
		<modification reverse="true">language_english.xml</modification>
		<modification reverse="true">language_spanish_latin.xml</modification>
		<remove-file name="$sourcedir/Subs-BBCode-YouTube.php" />
		<remove-file name="$themedir/css/BBCode-YouTube2.css" />
		<remove-file name="$imagesdir/bbc/youtube.png" />
		<remove-file name="$imagesdir/bbc/yt_search.png" />
		<remove-file name="$imagesdir/bbc/yt_user.png" />
	</uninstall>
</package-info>