<?xml version="1.0"?>
<!DOCTYPE modification SYSTEM "http://www.simplemachines.org/xml/modification">
<modification xmlns="http://www.simplemachines.org/xml/modification" xmlns:smf="http://www.simplemachines.org/">
    <id>aaronvg:bookmarks</id>
	<version>2.5</version>

	<file name="$boarddir/index.php">
		<!-- Add the bookmarks action to the list of known actions. -->
		<operation>
			<search position="before"><![CDATA[
		'attachapprove' => array('ManageAttachments.php', 'ApproveAttach'),]]></search>
			<add><![CDATA[
		'bookmarks' => array('Bookmarks.php', 'Bookmarks'),]]></add>
		</operation>
	</file>

	<file name="$sourcedir/Display.php">
		<!-- In topics, we should be able to make some bookmarks. -->
		<operation>
			<search position="before"><![CDATA[
	// Now set all the wonderful, wonderful permissions... like moderation ones...
	$common_permissions = array(
		'can_approve' => 'approve_posts',
		'can_ban' => 'manage_bans',
		'can_sticky' => 'make_sticky',
		'can_merge' => 'merge_any',
		'can_split' => 'split_any',]]></search>
			<add><![CDATA[
		'can_make_bookmarks' => 'make_bookmarks',]]></add>
		</operation>
	</file>

	<file name="$sourcedir/ManagePermissions.php">
		<!-- Allow admins to grant users the ability to create bookmarks. -->
		<operation>
			<search position="after"><![CDATA[
			'profile_server_avatar' => array(false, 'profile', 'use_avatar'),
			'profile_upload_avatar' => array(false, 'profile', 'use_avatar'),
			'profile_remote_avatar' => array(false, 'profile', 'use_avatar'),]]></search>
			<add><![CDATA[
			'make_bookmarks' => array(false, 'general', 'view_basic_info'),]]></add>
		</operation>

		<!-- Guests should never be able to make bookmarks. -->
		<operation>
			<search position="before"><![CDATA[
	$context['non_guest_permissions'] = array(]]></search>
			<add><![CDATA[
		'make_bookmarks',]]></add>
		</operation>
	</file>
	
	<file name="$sourcedir/RemoveTopic.php">
		<!-- Bookmarks should be removed if their respective topics are being removed. -->
		<operation>
			<search position="before"><![CDATA[
	// Delete anything related to the topic.
	$smcFunc['db_query']('', '
		DELETE FROM {db_prefix}messages
		WHERE id_topic IN ({array_int:topics})',
		array(
			'topics' => $topics,
		)
	);]]></search>
			<add><![CDATA[
	// Delete bookmarks as well!
	$smcFunc['db_query']('', '
		DELETE FROM {db_prefix}bookmarks
		WHERE id_topic IN ({array_int:topics})',
		array(
			'topics' => $topics,
		)
	);]]></add>
		</operation>
	</file>

	<file name="$sourcedir/Subs.php">
		<!-- Add a button for the bookmarks action to the main menu strip. -->
		<operation>
			<search position="after"><![CDATA[
			'calendar' => array(
				'title' => $txt['calendar'],
				'href' => $scripturl . '?action=calendar',
				'show' => $context['allow_calendar'],]]></search>
			<add><![CDATA[
			'bookmarks' => array(
				'title' => $txt['bookmarks'],
				'href' => $scripturl . '?action=bookmarks',
				'show' => allowedTo('make_bookmarks'),
				'sub_buttons' => array(
				),
			),]]></add>
		</operation>
	</file>

	<!-- Various flavours of button strips ... try to find the right one. -->
	<file name="$themedir/Display.template.php">
		<!-- Add a button for making bookmarks (num_replies, active reply button). Optional. -->
		<operation error="ignore">
			<search position="before"><![CDATA[
		'reply' => array('test' => 'can_reply', 'text' => 'reply', 'image' => 'reply.gif', 'lang' => true, 'url' => $scripturl . '?action=post;topic=' . $context['current_topic'] . '.' . $context['start'] . ';num_replies=' . $context['num_replies'], 'active' => true),]]></search>
			<add><![CDATA[
		'bookmark' => array('test' => 'can_make_bookmarks', 'text' => 'bookmark_add', 'lang' => true, 'url' => $scripturl . '?action=bookmarks;sa=add;topic=' . $context['current_topic'] . ';' . $context['session_var'] . '=' . $context['session_id']),]]></add>
		</operation>

		<!-- Add a button for making bookmarks (last_msg, active reply button). Optional. -->
		<operation error="ignore">
			<search position="before"><![CDATA[
		'reply' => array('test' => 'can_reply', 'text' => 'reply', 'image' => 'reply.gif', 'lang' => true, 'url' => $scripturl . '?action=post;topic=' . $context['current_topic'] . '.' . $context['start'] . ';last_msg=' . $context['topic_last_message'], 'active' => true),]]></search>
			<add><![CDATA[
		'bookmark' => array('test' => 'can_make_bookmarks', 'text' => 'bookmark_add', 'lang' => true, 'url' => $scripturl . '?action=bookmarks;sa=add;topic=' . $context['current_topic'] . ';' . $context['session_var'] . '=' . $context['session_id']),]]></add>
		</operation>

		<!-- Add a button for making bookmarks (num_replies, inactive reply button). Optional. -->
		<operation error="ignore">
			<search position="before"><![CDATA[
		'reply' => array('test' => 'can_reply', 'text' => 'reply', 'image' => 'reply.gif', 'lang' => true, 'url' => $scripturl . '?action=post;topic=' . $context['current_topic'] . '.' . $context['start'] . ';num_replies=' . $context['num_replies']),]]></search>
			<add><![CDATA[
		'bookmark' => array('test' => 'can_make_bookmarks', 'text' => 'bookmark_add', 'lang' => true, 'url' => $scripturl . '?action=bookmarks;sa=add;topic=' . $context['current_topic'] . ';' . $context['session_var'] . '=' . $context['session_id']),]]></add>
		</operation>

		<!-- Add a button for making bookmarks (last_msg, inactive reply button). Optional. -->
		<operation error="ignore">
			<search position="before"><![CDATA[
		'reply' => array('test' => 'can_reply', 'text' => 'reply', 'image' => 'reply.gif', 'lang' => true, 'url' => $scripturl . '?action=post;topic=' . $context['current_topic'] . '.' . $context['start'] . ';last_msg=' . $context['topic_last_message']),]]></search>		
			<add><![CDATA[
		'bookmark' => array('test' => 'can_make_bookmarks', 'text' => 'bookmark_add', 'lang' => true, 'url' => $scripturl . '?action=bookmarks;sa=add;topic=' . $context['current_topic'] . ';' . $context['session_var'] . '=' . $context['session_id']),]]></add>
		</operation>

	</file>
</modification>
