<?xml version="1.0"?>
<!DOCTYPE modification SYSTEM "http://www.simplemachines.org/xml/modification">
<modification xmlns="http://www.simplemachines.org/xml/modification" xmlns:smf="http://www.simplemachines.org/">
	<name>Bookmarks</name>
	<id>aaronvg:bookmarks</id>
	<type>modification</type>
	<version>2.5</version>

	<file name="$boarddir/index.php">
		<!-- Add the bookmarks action to the list of known actions. -->
	    <operation>
			<search position="before"><![CDATA[
		'boardrecount' => array('Admin.php', 'AdminBoardRecount'),]]></search>
			<add><![CDATA[
        	'bookmarks' => array('Bookmarks.php', 'Bookmarks'),]]></add>
		</operation>
	</file>

	<file name="$sourcedir/Display.php">
		<!-- In topics, we should be able to make some bookmarks. -->
		<operation>
			<search position="before"><![CDATA[
	// Now set all the wonderful, wonderful permissions... like moderation ones...
	$common_permissions = array(
		'can_sticky' => 'make_sticky',
		'can_merge' => 'merge_any',
		'can_split' => 'split_any',]]></search>
			<add><![CDATA[
		'can_make_bookmarks' => 'make_bookmarks',]]></add>
		</operation>
	</file>

	<file name="$sourcedir/ManagePermissions.php">
		<!-- Allow admins to grant users the ability to create bookmarks. -->
		<operation>
			<search position="replace"><![CDATA[
				'karma_edit' => false,
			),
			'pm' => array(]]></search>
			<add><![CDATA[
				'make_bookmarks' => false,
				'karma_edit' => false,
			),
			'pm' => array(]]></add>
		</operation>

		<!-- Guests should never be able to make bookmarks. -->
		<operation>
			<search position="before"><![CDATA[
	$non_guest_permissions = array(]]></search>
			<add><![CDATA[
		'make_bookmarks',]]></add>
		</operation>
	</file>

	<file name="$sourcedir/RemoveTopic.php">
		<!-- Bookmarks should be removed if their respective topics are being removed. -->
		<operation>
			<search position="before"><![CDATA[
	// Delete anything related to the topic.
	db_query("
		DELETE FROM {$db_prefix}messages
		WHERE ID_TOPIC $condition", __FILE__, __LINE__);]]></search>
			<add><![CDATA[
	// Delete bookmarks as well!
	db_query("
		DELETE FROM {$db_prefix}bookmarks
		WHERE ID_TOPIC $condition", __FILE__, __LINE__);
	// Delete other related stuff]]></add>
		</operation>
	</file>

	<file name="$themedir/index.template.php">
		<!-- Add a button for the bookmarks action to the main menu strip. -->
		<operation>
			<search position="before"><![CDATA[
	if (in_array($context['current_action'], array('search',]]></search>
			<add><![CDATA[ 'bookmarks',]]></add>
		</operation>

		<operation>
			<search position="after"><![CDATA[
	// The [calendar]!]]></search>
			<add><![CDATA[
    // The [bookmarks] button
	if (allowedTo('make_bookmarks'))
		echo ($current_action == 'bookmarks' || $context['browser']['is_ie4']) ? '<td class="maintab_active_' . $first . '">&nbsp;</td>' : '' , '
				<td valign="top" class="maintab_' , $current_action == 'bookmarks' ? 'active_back' : 'back' , '">
					<a href="', $scripturl, '?action=bookmarks">' , $txt['bookmarks'] , '</a>
				</td>' , $current_action == 'bookmarks' ? '<td class="maintab_active_' . $last . '">&nbsp;</td>' : '';
]]></add>
		</operation>
	</file>

	<file name="$themedir/Display.template.php">
		<!-- Add a button for making bookmarks, too. -->
		<operation>
			<search position="before"><![CDATA[
		'reply' => array('test' => 'can_reply', 'text' => 146, 'image' => 'reply.gif', 'lang' => true, 'url' => $scripturl . '?action=post;topic=' . $context['current_topic'] . '.' . $context['start'] . ';num_replies=' . $context['num_replies']),]]></search>
			<add><![CDATA[
		'bookmark' => array('test' => 'can_make_bookmarks', 'text' => 'bookmark_add', 'lang' => true, 'url' => $scripturl . '?action=bookmarks;sa=add;topic=' . $context['current_topic']),]]></add>
		</operation>
	</file>
</modification>