<?xml version="1.0"?>
<!DOCTYPE package-info SYSTEM "http://www.simplemachines.org/xml/package-info">
<package-info xmlns="http://www.simplemachines.org/xml/package-info" xmlns:smf="http://www.simplemachines.org/">
	<name>Bookmarks</name>
	<id>aaronvg:bookmarks</id>
	<type>modification</type>
	<version>2.5</version>

	<install for="2.0 Beta 3, 2.0 Beta 3 Public, 2.0 Beta 3.1, 2.0 Beta 3.1 Public, 2.0 Beta 4, 2.0 Beta 4 Public, 2.0 RC1, 2.0 RC2, 2.0 RC3, 2.0 - 2.0.99">
		<modification format="xml" type="file">bookmarks20.xml</modification>
		<modification format="xml" type="file">translations.xml</modification>
		<require-file name="smf20/Bookmarks.php" destination="$sourcedir" />
		<require-file name="smf20/Bookmarks.template.php" destination="$themedir" />
		<database type="file">smf20/install.php</database>
	</install>

	<install for="1.1 - 1.1.99">
		<modification format="xml" type="file">bookmarks11.xml</modification>
		<modification format="xml" type="file">translations.xml</modification>
		<require-file name="smf11/Bookmarks.php" destination="$sourcedir" />
		<require-file name="smf11/Bookmarks.template.php" destination="$themedir" />
		<database type="file">smf11/install.php</database>
	</install>

	<uninstall for="2.0 Beta 3, 2.0 Beta 3 Public, 2.0 Beta 3.1, 2.0 Beta 3.1 Public, 2.0 Beta 4, 2.0 Beta 4 Public, 2.0 RC1, 2.0 RC2, 2.0 RC3, 2.0 - 2.0.99">
		<modification format="xml" type="file" reverse="true">bookmarks20.xml</modification>
		<modification format="xml" type="file" reverse="true">translations.xml</modification>
		<remove-file name="$sourcedir/Bookmarks.php" />
		<remove-file name="$themedir/Bookmarks.template.php" />
	</uninstall>

	<uninstall for="1.1 - 1.1.99">
		<modification format="xml" type="file" reverse="true">bookmarks11.xml</modification>
		<modification format="xml" type="file" reverse="true">translations.xml</modification>
		<remove-file name="$sourcedir/Bookmarks.php" />
		<remove-file name="$themedir/Bookmarks.template.php" />
	</uninstall>
</package-info>
