﻿<?xml version="1.0"?>
<!DOCTYPE modification SYSTEM "http://www.simplemachines.org/xml/modification">
<modification xmlns="http://www.simplemachines.org/xml/modification" xmlns:smf="http://www.simplemachines.org/">
	<name>Bookmarks</name>
	<id>aaronvg:bookmarks</id>
	<type>modification</type>
	<version>2.5</version>

	<file name="$languagedir/Modifications.dutch.php" error="skip">
		<operation error="skip">
			<search position="end" />
	        <add><![CDATA[
$txt['bookmarks'] = 'Mijn bladwijzers';
$txt['bookmark_list'] = 'Bladwijzers';
$txt['bookmark_list_empty'] = 'Je hebt momenteel geen bladwijzers ingesteld. Voeg er een toe door in topics op \'Maak bladwijzer\' te klikken.';
$txt['bookmark_open_window'] = 'Open in nieuw venster';
$txt['bookmark_delete'] = 'Verwijder geselecteerde bladwijzers';
$txt['bookmark_delete_success'] = 'Er zijn %1$s bladwijzers verwijderd!';
$txt['bookmark_delete_failure'] = 'Niet alle bladwijzers konden verwijderd worden.';
$txt['bookmark_add'] = 'Maak bladwijzer';
$txt['bookmark_add_success'] = 'Het topic is aan je bladwijzers toegevoegd!';
$txt['bookmark_add_exists'] = 'Het topic zit reeds in je bladwijzers!';
$txt['bookmark_add_failed'] = 'Het topic kon niet aan je bladwijzers toegevoegd worden.';
$txt['permissionname_make_bookmarks'] = 'Bladwijzers van topics maken';
$txt['cannot_make_bookmarks'] = 'Je hebt geen permissie om bladwijzers aan te maken!';
]]></add>
    	</operation>
	</file>
	
	<file name="$languagedir/Modifications.english.php" error="skip">
		<operation error="skip">
			<search position="end" />
	        <add><![CDATA[
$txt['bookmarks'] = 'My Bookmarks';
$txt['bookmark_list'] = 'Bookmarks';
$txt['bookmark_list_empty'] = 'You don\'t have any bookmarks at the moment. Add one by clicking \'Add bookmark\' in topics.';
$txt['bookmark_open_window'] = 'Open in new window';
$txt['bookmark_delete'] = 'Delete selected bookmarks';
$txt['bookmark_delete_success'] = '%1$s bookmarks were deleted successfully!';
$txt['bookmark_delete_failure'] = 'No bookmarks have been deleted.';
$txt['bookmark_add'] = 'Add bookmark';
$txt['bookmark_add_success'] = 'The topic was successfully added to your bookmarks!';
$txt['bookmark_add_exists'] = 'This topic is already listed in your bookmarks!';
$txt['bookmark_add_failed'] = 'Failed to add the topic to your bookmarks.';
$txt['permissionname_make_bookmarks'] = 'Create bookmarks for topics';
$txt['cannot_make_bookmarks'] = 'Sorry, you don\'t have permission to make bookmarks.';
]]></add>
    	</operation>
	</file>

	<file name="$languagedir/Modifications.swedish.php" error="skip">
		<operation error="skip">
			<search position="end" />
	        <add><![CDATA[
$txt['bookmarks'] = 'Mina bokm&auml;rken';
$txt['bookmark_list'] = 'Bokm&auml;rken';
$txt['bookmark_list_empty'] = 'Du har inga bokm&auml;rken &auml;nnu. L&auml;gg till ett genom att klicka p&aring; L&auml;gg till bokm&auml;rke i ett &auml;mne.';
$txt['bookmark_open_window'] = '&Ouml;ppna i ett nytt f&ouml;nster';
$txt['bookmark_delete'] = 'Radera de markerade bokm&auml;rkena';
$txt['bookmark_delete_success'] = '%1$s bokm&auml;rken togs bort utan problem!';
$txt['bookmark_delete_failure'] = 'Alla bokm&auml;rken kunde inte raderas.';
$txt['bookmark_add'] = 'L&auml;gg till bokm&auml;rke';
$txt['bookmark_add_success'] = '&Auml;mnet har lagts till bland dina bokm&auml;rken!';
$txt['bookmark_add_exists'] = 'Deth&auml;r &auml;mnet finns redan bland dina bokm&auml;rken!';
$txt['bookmark_add_failed'] = 'Kunde inte l&auml;gga till bokm&auml;rket.';
// Untranslated!
$txt['permissionname_make_bookmarks'] = 'Create bookmarks for topics';
$txt['cannot_make_bookmarks'] = 'Sorry, you don\'t have permission to make bookmarks.';
]]></add>
    	</operation>
	</file>

	<file name="$languagedir/Modifications.german.php" error="skip">
		<operation error="skip">
			<search position="end" />
	        <add><![CDATA[
$txt['bookmarks'] = 'Meine Lesezeichen';
$txt['bookmark_list'] = 'Lesezeichen';
$txt['bookmark_list_empty'] = 'Du hast momentan keine Lesezeichen angelegt. Dies kannst du mit \'Lesezeichen hinzufügen\' in den Threads erledigen.';
$txt['bookmark_open_window'] = 'In neuem Fenster öffnen';
$txt['bookmark_delete'] = 'Lesezeichen löschen';
$txt['bookmark_delete_success'] = '%1$s Lesezeichen wurden erfolgreich gelöscht!';
$txt['bookmark_delete_failure'] = 'Nicht alle Lesezeichen konnten gelöscht werden.';
$txt['bookmark_add'] = 'Lesezeichen hinzufügen';
$txt['bookmark_add_success'] = 'Thread erfolgreich Deinen Lesezeichen hinzugefügt!';
$txt['bookmark_add_exists'] = 'Dieser Thread befindet sich bereits in Deinen Lesezeichen!';
$txt['bookmark_add_failed'] = 'Es ist ein Fehler beim hinzufügen des Threads zu Deinen Lesezeichen aufgetreten!'; 
// Untranslated!
$txt['permissionname_make_bookmarks'] = 'Create bookmarks for topics';
$txt['cannot_make_bookmarks'] = 'Sorry, you don\'t have permission to make bookmarks.';
]]></add>
    	</operation>
	</file>

	<file name="$languagedir/Modifications.turkish.php" error="skip">
		<operation error="skip">
			<search position="end" />
	        <add><![CDATA[
$txt['bookmarks'] = 'Favori Konularım';
$txt['bookmark_list'] = 'Favori Konular';
$txt['bookmark_list_empty'] = 'Şuan Hiç Favori Konunuz Yok!. Mesajdaki \'Favorilerime ekle\' butonunu kullanarak ekleyebilirsiniz.';
$txt['bookmark_open_window'] = 'Yeni Pencerede Aç';
$txt['bookmark_delete'] = 'Favori Konuyu Sil';
$txt['bookmark_delete_success'] = 'Favori Konu Silindi!';
$txt['bookmark_delete_failure'] = 'Favori Konu Silinemedi!';
$txt['bookmark_add'] = 'Favorilerime Ekle';
$txt['bookmark_add_success'] = 'Konu, Favori Konularınıza eklendi!';
$txt['bookmark_add_exists'] = 'Bu Konu Zaten Favori Konularınızda Var!';
$txt['bookmark_add_failed'] = 'Favori Konu Eklemede Hata!';
// Untranslated!
$txt['permissionname_make_bookmarks'] = 'Create bookmarks for topics';
$txt['cannot_make_bookmarks'] = 'Sorry, you don\'t have permission to make bookmarks.';
]]></add>
    	</operation>
	</file>

	<file name="$languagedir/Modifications.serbian.php" error="skip">
		<operation error="skip">
			<search position="end" />
	        <add><![CDATA[
$txt['bookmarks'] = 'Moji Bookmarks-i';
$txt['bookmark_list'] = 'Bookmarks';
$txt['bookmark_list_empty'] = 'Trenutno nemate ni jedan bookmark sačuvan. Dodaj klikom na \'Add bookmark\' u topiku.';
$txt['bookmark_open_window'] = 'Otvori u novom prozoru';
$txt['bookmark_delete'] = 'Izbriši selektovane bookmarks-e';
$txt['bookmark_delete_success'] = '%1$s bookmarks-i su uspešno obrisani!';
$txt['bookmark_delete_failure'] = 'Nemogu se obrisati neki bookmarks-i.';
$txt['bookmark_add'] = 'Dodaj bookmark';
$txt['bookmark_add_success'] = 'Ovaj topik uspešno je dodat u vaš bookmarks!';
$txt['bookmark_add_exists'] = 'Ovaj topik se već nalazi u vašem bookmarks-u!';
$txt['bookmark_add_failed'] = 'Neuspelo dodavanje topik-a u bookmarks.';
// Untranslated!
$txt['permissionname_make_bookmarks'] = 'Create bookmarks for topics';
$txt['cannot_make_bookmarks'] = 'Sorry, you don\'t have permission to make bookmarks.';
]]></add>
    	</operation>
	</file>

	<file name="$languagedir/Modifications.spanish.php" error="skip">
		<operation error="skip">
			<search position="end" />
	        <add><![CDATA[
$txt['bookmarks'] = 'Mis Favoritos';
$txt['bookmark_list'] = 'Favoritos';
$txt['bookmark_list_empty'] = 'No tienes ningun favorito en el momento. Agregalos haciendo click en el boton \'Agregar Favorito\' en la parte superior de los mensajes, justo al lado del boton de Responder.';
$txt['bookmark_open_window'] = 'Abrir en ventana nueva';
$txt['bookmark_delete'] = 'Borrar favoritos seleccionados';
$txt['bookmark_delete_success'] = '%1$s Favoritos fueron borrads exitosamente!';
$txt['bookmark_delete_failure'] = 'No todos los favoritos pudieron borrarse.';
$txt['bookmark_add'] = 'Agregar Favorito';
$txt['bookmark_add_success'] = 'El mensaje fue agregado exitosamente a tus favoritos!';
$txt['bookmark_add_exists'] = 'Este mensaje ya ha sido agregado a tus favoritos!';
$txt['bookmark_add_failed'] = 'Error al intentar agregar el mensaje a tus favoritos.';
// Untranslated!
$txt['permissionname_make_bookmarks'] = 'Create bookmarks for topics';
$txt['cannot_make_bookmarks'] = 'Sorry, you don\'t have permission to make bookmarks.';
]]></add>
    	</operation>
	</file>
	
	<file name="$languagedir/Modifications.russian.php" error="skip">
		<operation error="skip">
			<search position="end" />
	        <add><![CDATA[
$txt['bookmarks'] = 'Закладки';
$txt['bookmark_list'] = 'Закладки';
$txt['bookmark_list_empty'] = 'У Вас ещё нет закладок. Добавить закладки можно нажав на ссылку "Добавить закладку" внутри топиков.';
$txt['bookmark_open_window'] = 'Открыть в новом окне';
$txt['bookmark_delete'] = 'Удалить выделенные';
$txt['bookmark_delete_success'] = 'Было удалено закладок: %1$s!';
$txt['bookmark_delete_failure'] = 'Не все закладки удалились.';
$txt['bookmark_add'] = 'Добавить закладку';
$txt['bookmark_add_success'] = 'Топик был успешно добавлен в Ваши закладки!';
$txt['bookmark_add_exists'] = 'Этот топик уже есть в Ваших закладках!';
$txt['bookmark_add_failed'] = 'При добавлении закладки произошла ошибка.';
$txt['permissionname_make_bookmarks'] = 'Создавать закладки для топиков';
$txt['cannot_make_bookmarks'] = 'Извините, у Вас нет разрешения добавлять закладки.';
]]></add>
    	</operation>
	</file>
	
	<file name="$languagedir/Modifications.croatian.php" error="skip">
		<operation error="skip">
			<search position="end" />
	        <add><![CDATA[
$txt['bookmarks'] = 'Moji omiljeni postovi';
$txt['lista_omiljenih postova'] = 'Bookmarks';
$txt['bookmark_list_empty'] = 'Vaša lista omiljenih postova je prazna. Dodaj klikom na \'Add bookmark\' u postu.';
$txt['bookmark_open_window'] = 'Otvori u novom prozoru';
$txt['bookmark_delete'] = 'Izbriši označene omiljene postove';
$txt['bookmark_delete_success'] = '%1$s postovi su uspješno uklonjeni sa liste!';
$txt['bookmark_delete_failure'] = 'Ne mogu se obrisati neki omiljeni postovi.';
$txt['bookmark_add'] = 'Dodaj oznaku';
$txt['bookmark_add_success'] = 'Ovaj post uspješno je dodan u vaše omiljene postove!';
$txt['bookmark_add_exists'] = 'Ovaj post se već nalazi u vašim omiljenim!';
$txt['bookmark_add_failed'] = 'Nije uspjelo dodavanje u omiljene postove.';

$txt['permissionname_make_bookmarks'] = 'Označi kao omiljeni post';
$txt['cannot_make_bookmarks'] = 'Žao nam je nemate dozvolu da kreirate omiljeni post.';
]]></add>
    	</operation>
	</file>

</modification>